{
  "val": {
    "mp": 0.9842573753956657,
    "mr": 0.9833988766035301,
    "map50": 0.9911115968431258,
    "map": 0.5959467664963778,
    "maps": [
      0.6086744314925139,
      0.5916246703038619,
      0.6300111935980361,
      0.5982231939735434,
      0.5601709981274516,
      0.58697611148286
    ],
    "speed": {
      "preprocess": 1.039565733617678,
      "inference": 2.0935730706723845,
      "loss": 0.0004188396835564972,
      "postprocess": 0.7038408811401549
    }
  },
  "test": {
    "mp": 0.9773522722049156,
    "mr": 0.989567112399302,
    "map50": 0.9902743279194594,
    "map": 0.5951452878057049,
    "maps": [
      0.5912222893498946,
      0.5828794198751124,
      0.6278689358294235,
      0.6176154765238169,
      0.5720605326748489,
      0.5792250725811324
    ],
    "speed": {
      "preprocess": 1.0254388389742706,
      "inference": 1.9984088110118494,
      "loss": 0.0004050994810925749,
      "postprocess": 0.5528375650199965
    }
  }
}
